"","Label","Bromeliad","Sample_Type","Volume.Air","Bromeliad.size.class","Date.Collected","Time.Collected","Diameter","Height","Dissolved.Oyxgen","Temperature","Water_volume","pH","Dry_weight_detritus","Toxo.","Number_of_invertebrates","Invert_Weight","Complexity","Nitrate_Water","X.C_.detritus.","X.N_.detritus."
"1","SAR-BR1-D-R2-16S","1","Detritus","n/a","Small","11/30/22","10:00",30,25,1.1,24.4,71,7.44,0.7509,"No",4,0.1,16,0,43.86,1.92
"2","SAR-BR1-W02-R1-16S","1","Water","n/a","Small","11/30/22","10:00",30,25,1.1,24.4,71,7.44,0.7509,"No",4,0.1,16,0,43.86,1.92
"3","SAR-BR1-WPool-R1-16S","1","Water","n/a","Small","11/30/22","10:00",30,25,1.1,24.4,71,7.44,0.7509,"No",4,0.1,16,0,43.86,1.92
"4","SAR-BR-1-I-R1-16S","1","Invertebrate","n/a","Small","11/30/22","10:00",30,25,1.1,24.4,71,7.44,0.7509,"No",4,0.1,16,0,43.86,1.92
"5","SAR-BR1-Wpool-R2-16S","1","Water","n/a","Small","11/30/22","10:00",30,25,1.1,24.4,71,7.44,0.7509,"No",4,0.1,16,0,43.86,1.92
"6","SAR-BR1-D-R1-16S","1","Detritus","n/a","Small","11/30/22","10:00",30,25,1.1,24.4,71,7.44,0.7509,"No",4,0.1,16,0,43.86,1.92
"7","SAR-BR1-Wpool-R14-16S","1","Water","n/a","Small","11/30/22","10:00",30,25,1.1,24.4,71,7.44,0.7509,"No",4,0.1,16,0,43.86,1.92
"8","SAR-BR10-D-R4-16S","10","Detritus","n/a","Large","12/6/22","9:15",102,86,0.4,22.8,2900,5.81,37.0561,"Yes",90,13.9,20,0.0043,45.25,1.11
"9","SAR-BR10-D-R5-16S","10","Detritus","n/a","Large","12/6/22","9:15",102,86,0.4,22.8,2900,5.81,37.0561,"Yes",90,13.9,20,0.0043,45.25,1.11
"10","SAR-BR10-D-R3-16S","10","Detritus","n/a","Large","12/6/22","9:15",102,86,0.4,22.8,2900,5.81,37.0561,"Yes",90,13.9,20,0.0043,45.25,1.11
"11","SAR-BR10-D-R2-16S","10","Detritus","n/a","Large","12/6/22","9:15",102,86,0.4,22.8,2900,5.81,37.0561,"Yes",90,13.9,20,0.0043,45.25,1.11
"12","SAR-BR10-D-R8-16S","10","Detritus","n/a","Large","12/6/22","9:15",102,86,0.4,22.8,2900,5.81,37.0561,"Yes",90,13.9,20,0.0043,45.25,1.11
"13","SAR-BR-10-I-R1-16S","10","Invertebrate","n/a","Large","12/6/22","9:15",102,86,0.4,22.8,2900,5.81,37.0561,"Yes",90,13.9,20,0.0043,45.25,1.11
"14","SAR-BR10-D-R7-16S","10","Detritus","n/a","Large","12/6/22","9:15",102,86,0.4,22.8,2900,5.81,37.0561,"Yes",90,13.9,20,0.0043,45.25,1.11
"15","SAR-BR10-D-R10-16S","10","Detritus","n/a","Large","12/6/22","9:15",102,86,0.4,22.8,2900,5.81,37.0561,"Yes",90,13.9,20,0.0043,45.25,1.11
"16","SAR-BR10-WPool-R1-16S","10","Water","n/a","Large","12/6/22","9:15",102,86,0.4,22.8,2900,5.81,37.0561,"Yes",90,13.9,20,0.0043,45.25,1.11
"17","SAR-BR10-D-R6-16S","10","Detritus","n/a","Large","12/6/22","9:15",102,86,0.4,22.8,2900,5.81,37.0561,"Yes",90,13.9,20,0.0043,45.25,1.11
"18","SAR-BR10-D-R1-16S","10","Detritus","n/a","Large","12/6/22","9:15",102,86,0.4,22.8,2900,5.81,37.0561,"Yes",90,13.9,20,0.0043,45.25,1.11
"19","SAR-BR10-W02-R2-16S","10","Water","n/a","Large","12/6/22","9:15",102,86,0.4,22.8,2900,5.81,37.0561,"Yes",90,13.9,20,0.0043,45.25,1.11
"20","SAR-BR10-D-R9-16S","10","Detritus","n/a","Large","12/6/22","9:15",102,86,0.4,22.8,2900,5.81,37.0561,"Yes",90,13.9,20,0.0043,45.25,1.11
"21","SAR-BR10-W02-R1-16S","10","Water","n/a","Large","12/6/22","9:15",102,86,0.4,22.8,2900,5.81,37.0561,"Yes",90,13.9,20,0.0043,45.25,1.11
"22","SAR-BR10-Wpool-R2-16S","10","Water","n/a","Large","12/6/22","9:15",102,86,0.4,22.8,2900,5.81,37.0561,"Yes",90,13.9,20,0.0043,45.25,1.11
"23","SAR-BR10-WPool-R3-16S","10","Water","n/a","Large","12/6/22","9:15",102,86,0.4,22.8,2900,5.81,37.0561,"Yes",90,13.9,20,0.0043,45.25,1.11
"24","SAR-BR11-D-R4-16S","11","Detritus","n/a","Small","12/7/22","9:15",43,32,1.6,21.3,88,9.11,2.3729,"No",4,0.1,24,0.0424,46.84,1.48
"25","SAR-BR11-D-R3-16S","11","Detritus","n/a","Small","12/7/22","9:15",43,32,1.6,21.3,88,9.11,2.3729,"No",4,0.1,24,0.0424,46.84,1.48
"26","SAR-BR-11-I-R1-16S","11","Invertebrate","n/a","Small","12/7/22","9:15",43,32,1.6,21.3,88,9.11,2.3729,"No",4,0.1,24,0.0424,46.84,1.48
"27","SAR-BR11-D-R1-16S","11","Detritus","n/a","Small","12/7/22","9:15",43,32,1.6,21.3,88,9.11,2.3729,"No",4,0.1,24,0.0424,46.84,1.48
"28","SAR-BR11-D-R5-16S","11","Detritus","n/a","Small","12/7/22","9:15",43,32,1.6,21.3,88,9.11,2.3729,"No",4,0.1,24,0.0424,46.84,1.48
"29","SAR-BR11-WPool-R1-16S","11","Water","n/a","Small","12/7/22","9:15",43,32,1.6,21.3,88,9.11,2.3729,"No",4,0.1,24,0.0424,46.84,1.48
"30","SAR-BR11-D-R6-16S","11","Detritus","n/a","Small","12/7/22","9:15",43,32,1.6,21.3,88,9.11,2.3729,"No",4,0.1,24,0.0424,46.84,1.48
"31","SAR-BR11-D-R7-16S","11","Detritus","n/a","Small","12/7/22","9:15",43,32,1.6,21.3,88,9.11,2.3729,"No",4,0.1,24,0.0424,46.84,1.48
"32","SAR-BR11-D-R2-16S","11","Detritus","n/a","Small","12/7/22","9:15",43,32,1.6,21.3,88,9.11,2.3729,"No",4,0.1,24,0.0424,46.84,1.48
"33","SAR-BR11-WPool-R2-16S","11","Water","n/a","Small","12/7/22","9:15",43,32,1.6,21.3,88,9.11,2.3729,"No",4,0.1,24,0.0424,46.84,1.48
"34","SAR-BR11-W02-R1-16S","11","Water","n/a","Small","12/7/22","9:15",43,32,1.6,21.3,88,9.11,2.3729,"No",4,0.1,24,0.0424,46.84,1.48
"35","SAR-BR-12-I-R1-16S","12","Invertebrate","n/a","Medium","12/7/22","9:15",52,46,1,21.7,320,6.83,4.8675,"No",128,11.6,20,0,45.26,0.99
"36","SAR-BR12-D-R6-16S","12","Detritus","n/a","Medium","12/7/22","9:15",52,46,1,21.7,320,6.83,4.8675,"No",128,11.6,20,0,45.26,0.99
"37","SAR-BR12-D-R3-16S","12","Detritus","n/a","Medium","12/7/22","9:15",52,46,1,21.7,320,6.83,4.8675,"No",128,11.6,20,0,45.26,0.99
"38","SAR-BR12-D-R5-16S","12","Detritus","n/a","Medium","12/7/22","9:15",52,46,1,21.7,320,6.83,4.8675,"No",128,11.6,20,0,45.26,0.99
"39","SAR-BR12-D-R1-16S","12","Detritus","n/a","Medium","12/7/22","9:15",52,46,1,21.7,320,6.83,4.8675,"No",128,11.6,20,0,45.26,0.99
"40","SAR-BR12-D-R10-16S","12","Detritus","n/a","Medium","12/7/22","9:15",52,46,1,21.7,320,6.83,4.8675,"No",128,11.6,20,0,45.26,0.99
"41","SAR-BR12-D-R7-16S","12","Detritus","n/a","Medium","12/7/22","9:15",52,46,1,21.7,320,6.83,4.8675,"No",128,11.6,20,0,45.26,0.99
"42","SAR-BR12-D-R4-16S","12","Detritus","n/a","Medium","12/7/22","9:15",52,46,1,21.7,320,6.83,4.8675,"No",128,11.6,20,0,45.26,0.99
"43","SAR-BR12-WPool-R1-16S","12","Water","n/a","Medium","12/7/22","9:15",52,46,1,21.7,320,6.83,4.8675,"No",128,11.6,20,0,45.26,0.99
"44","SAR-BR12-D-R8-16S","12","Detritus","n/a","Medium","12/7/22","9:15",52,46,1,21.7,320,6.83,4.8675,"No",128,11.6,20,0,45.26,0.99
"45","SAR-BR12-D-R2-16S","12","Detritus","n/a","Medium","12/7/22","9:15",52,46,1,21.7,320,6.83,4.8675,"No",128,11.6,20,0,45.26,0.99
"46","SAR-BR12-W02-R1-16S","12","Water","n/a","Medium","12/7/22","9:15",52,46,1,21.7,320,6.83,4.8675,"No",128,11.6,20,0,45.26,0.99
"47","SAR-BR12-WPool-R2-16S","12","Water","n/a","Medium","12/7/22","9:15",52,46,1,21.7,320,6.83,4.8675,"No",128,11.6,20,0,45.26,0.99
"48","SAR-BR12-D-R9-16S","12","Detritus","n/a","Medium","12/7/22","9:15",52,46,1,21.7,320,6.83,4.8675,"No",128,11.6,20,0,45.26,0.99
"49","SAR-BR-13-I-R1-16S","13","Invertebrate","n/a","Large","12/7/22","9:15",91,86,1.9,21.5,2258,5.21,27.3707,"Yes",133,1.9,32,0,48.82,0.92
"50","SAR-BR13-D-R4-16S","13","Detritus","n/a","Large","12/7/22","9:15",91,86,1.9,21.5,2258,5.21,27.3707,"Yes",133,1.9,32,0,48.82,0.92
"51","SAR-BR13-D-R5-16S","13","Detritus","n/a","Large","12/7/22","9:15",91,86,1.9,21.5,2258,5.21,27.3707,"Yes",133,1.9,32,0,48.82,0.92
"52","SAR-BR-13-I-R2-16S","13","Invertebrate","n/a","Large","12/7/22","9:15",91,86,1.9,21.5,2258,5.21,27.3707,"Yes",133,1.9,32,0,48.82,0.92
"53","SAR-BR13-D-R7-16S","13","Detritus","n/a","Large","12/7/22","9:15",91,86,1.9,21.5,2258,5.21,27.3707,"Yes",133,1.9,32,0,48.82,0.92
"54","SAR-BR13-D-R9-16S","13","Detritus","n/a","Large","12/7/22","9:15",91,86,1.9,21.5,2258,5.21,27.3707,"Yes",133,1.9,32,0,48.82,0.92
"55","SAR-BR13-W02-R1-16S","13","Water","n/a","Large","12/7/22","9:15",91,86,1.9,21.5,2258,5.21,27.3707,"Yes",133,1.9,32,0,48.82,0.92
"56","SAR-BR13-D-R6-16S","13","Detritus","n/a","Large","12/7/22","9:15",91,86,1.9,21.5,2258,5.21,27.3707,"Yes",133,1.9,32,0,48.82,0.92
"57","SAR-BR13-D-R1-16S","13","Detritus","n/a","Large","12/7/22","9:15",91,86,1.9,21.5,2258,5.21,27.3707,"Yes",133,1.9,32,0,48.82,0.92
"58","SAR-BR13-D-R10-16S","13","Detritus","n/a","Large","12/7/22","9:15",91,86,1.9,21.5,2258,5.21,27.3707,"Yes",133,1.9,32,0,48.82,0.92
"59","SAR-BR13-D-R2-16S","13","Detritus","n/a","Large","12/7/22","9:15",91,86,1.9,21.5,2258,5.21,27.3707,"Yes",133,1.9,32,0,48.82,0.92
"60","SAR-BR13-D-R3-16S","13","Detritus","n/a","Large","12/7/22","9:15",91,86,1.9,21.5,2258,5.21,27.3707,"Yes",133,1.9,32,0,48.82,0.92
"61","SAR-BR13-W02-R13-16S","13","Water","n/a","Large","12/7/22","9:15",91,86,1.9,21.5,2258,5.21,27.3707,"Yes",133,1.9,32,0,48.82,0.92
"62","SAR-BR13-W02-R2-16S","13","Water","n/a","Large","12/7/22","9:15",91,86,1.9,21.5,2258,5.21,27.3707,"Yes",133,1.9,32,0,48.82,0.92
"63","SAR-BR13-D-R8-16S","13","Detritus","n/a","Large","12/7/22","9:15",91,86,1.9,21.5,2258,5.21,27.3707,"Yes",133,1.9,32,0,48.82,0.92
"64","SAR-BR13-WPool-R2-16S","13","Water","n/a","Large","12/7/22","9:15",91,86,1.9,21.5,2258,5.21,27.3707,"Yes",133,1.9,32,0,48.82,0.92
"65","SAR-BR13-WPool-R3-16S","13","Water","n/a","Large","12/7/22","9:15",91,86,1.9,21.5,2258,5.21,27.3707,"Yes",133,1.9,32,0,48.82,0.92
"66","SAR-BR13-WPool-R1-16S","13","Water","n/a","Large","12/7/22","9:15",91,86,1.9,21.5,2258,5.21,27.3707,"Yes",133,1.9,32,0,48.82,0.92
"67","SAR-BR14-D-R6-16S","14","Detritus","n/a","Small","12/8/22","9:52",32,28,1.9,22.3,280,6.5,3.8577,"No",37,1.2,15,0,49.01,1.45
"68","SAR-BR-14-I-R1-16S","14","Invertebrate","n/a","Small","12/8/22","9:52",32,28,1.9,22.3,280,6.5,3.8577,"No",37,1.2,15,0,49.01,1.45
"69","SAR-BR14-D-R5-16S","14","Detritus","n/a","Small","12/8/22","9:52",32,28,1.9,22.3,280,6.5,3.8577,"No",37,1.2,15,0,49.01,1.45
"70","SAR-BR14-D-R1-16S","14","Detritus","n/a","Small","12/8/22","9:52",32,28,1.9,22.3,280,6.5,3.8577,"No",37,1.2,15,0,49.01,1.45
"71","SAR-BR14-D-R2-16S","14","Detritus","n/a","Small","12/8/22","9:52",32,28,1.9,22.3,280,6.5,3.8577,"No",37,1.2,15,0,49.01,1.45
"72","SAR-BR14-D-R3-16S","14","Detritus","n/a","Small","12/8/22","9:52",32,28,1.9,22.3,280,6.5,3.8577,"No",37,1.2,15,0,49.01,1.45
"73","SAR-BR14-D-R4-16S","14","Detritus","n/a","Small","12/8/22","9:52",32,28,1.9,22.3,280,6.5,3.8577,"No",37,1.2,15,0,49.01,1.45
"74","SAR-BR-14-I-R2-16S","14","Invertebrate","n/a","Small","12/8/22","9:52",32,28,1.9,22.3,280,6.5,3.8577,"No",37,1.2,15,0,49.01,1.45
"75","SAR-BR14-D-R9-16S","14","Detritus","n/a","Small","12/8/22","9:52",32,28,1.9,22.3,280,6.5,3.8577,"No",37,1.2,15,0,49.01,1.45
"76","SAR-BR14-W02-R1-16S","14","Water","n/a","Small","12/8/22","9:52",32,28,1.9,22.3,280,6.5,3.8577,"No",37,1.2,15,0,49.01,1.45
"77","SAR-BR14-D-R7-16S","14","Detritus","n/a","Small","12/8/22","9:52",32,28,1.9,22.3,280,6.5,3.8577,"No",37,1.2,15,0,49.01,1.45
"78","SAR-BR14-WPool-R2-16S","14","Water","n/a","Small","12/8/22","9:52",32,28,1.9,22.3,280,6.5,3.8577,"No",37,1.2,15,0,49.01,1.45
"79","SAR-BR14-D-R8-16S","14","Detritus","n/a","Small","12/8/22","9:52",32,28,1.9,22.3,280,6.5,3.8577,"No",37,1.2,15,0,49.01,1.45
"80","SAR-BR14-WPool-R1-16S","14","Water","n/a","Small","12/8/22","9:52",32,28,1.9,22.3,280,6.5,3.8577,"No",37,1.2,15,0,49.01,1.45
"81","SAR-BR15-D-R6-16S","15","Detritus","n/a","Medium","12/8/22","9:26",45,31,0.7,21,785,6.06,3.5449,"No",173,13.5,26,0,46.77,1.49
"82","SAR-BR15-D-R4-16S","15","Detritus","n/a","Medium","12/8/22","9:26",45,31,0.7,21,785,6.06,3.5449,"No",173,13.5,26,0,46.77,1.49
"83","SAR-BR15-D-R5-16S","15","Detritus","n/a","Medium","12/8/22","9:26",45,31,0.7,21,785,6.06,3.5449,"No",173,13.5,26,0,46.77,1.49
"84","SAR-BR15-D-R10-16S","15","Detritus","n/a","Medium","12/8/22","9:26",45,31,0.7,21,785,6.06,3.5449,"No",173,13.5,26,0,46.77,1.49
"85","SAR-BR15-D-R2-16S","15","Detritus","n/a","Medium","12/8/22","9:26",45,31,0.7,21,785,6.06,3.5449,"No",173,13.5,26,0,46.77,1.49
"86","SAR-BR15-D-R3-16S","15","Detritus","n/a","Medium","12/8/22","9:26",45,31,0.7,21,785,6.06,3.5449,"No",173,13.5,26,0,46.77,1.49
"87","SAR-BR15-D-R1-16S","15","Detritus","n/a","Medium","12/8/22","9:26",45,31,0.7,21,785,6.06,3.5449,"No",173,13.5,26,0,46.77,1.49
"88","SAR-BR-15-I-R3-16S","15","Invertebrate","n/a","Medium","12/8/22","9:26",45,31,0.7,21,785,6.06,3.5449,"No",173,13.5,26,0,46.77,1.49
"89","SAR-BR15-D-R9-16S","15","Detritus","n/a","Medium","12/8/22","9:26",45,31,0.7,21,785,6.06,3.5449,"No",173,13.5,26,0,46.77,1.49
"90","SAR-BR15-D-R7-16S","15","Detritus","n/a","Medium","12/8/22","9:26",45,31,0.7,21,785,6.06,3.5449,"No",173,13.5,26,0,46.77,1.49
"91","SAR-BR15-W02-R2-16S","15","Water","n/a","Medium","12/8/22","9:26",45,31,0.7,21,785,6.06,3.5449,"No",173,13.5,26,0,46.77,1.49
"92","SAR-BR15-W02-R3-16S","15","Water","n/a","Medium","12/8/22","9:26",45,31,0.7,21,785,6.06,3.5449,"No",173,13.5,26,0,46.77,1.49
"93","SAR-BR15-WPool-R1-16S","15","Water","n/a","Medium","12/8/22","9:26",45,31,0.7,21,785,6.06,3.5449,"No",173,13.5,26,0,46.77,1.49
"94","SAR-BR15-W02-R1-16S","15","Water","n/a","Medium","12/8/22","9:26",45,31,0.7,21,785,6.06,3.5449,"No",173,13.5,26,0,46.77,1.49
"95","SAR-BR15-WPool-R3-16S","15","Water","n/a","Medium","12/8/22","9:26",45,31,0.7,21,785,6.06,3.5449,"No",173,13.5,26,0,46.77,1.49
"96","SAR-BR15-D-R8-16S","15","Detritus","n/a","Medium","12/8/22","9:26",45,31,0.7,21,785,6.06,3.5449,"No",173,13.5,26,0,46.77,1.49
"97","SAR-BR15-WPool-R2-16S","15","Water","n/a","Medium","12/8/22","9:26",45,31,0.7,21,785,6.06,3.5449,"No",173,13.5,26,0,46.77,1.49
"98","SAR-BR16-D-R2-16S","16","Detritus","n/a","Medium","12/8/22","9:20",61,41,1.7,21.2,2423,5.93,13.8112,"Yes",113,11.7,5,0.0043,48.13,1.44
"99","SAR-BR16-D-R10-16S","16","Detritus","n/a","Medium","12/8/22","9:20",61,41,1.7,21.2,2423,5.93,13.8112,"Yes",113,11.7,5,0.0043,48.13,1.44
"100","SAR-BR16-D-R1-16S","16","Detritus","n/a","Medium","12/8/22","9:20",61,41,1.7,21.2,2423,5.93,13.8112,"Yes",113,11.7,5,0.0043,48.13,1.44
"101","SAR-BR16-D-R3-16S","16","Detritus","n/a","Medium","12/8/22","9:20",61,41,1.7,21.2,2423,5.93,13.8112,"Yes",113,11.7,5,0.0043,48.13,1.44
"102","SAR-BR-16-I-R1-16S","16","Invertebrate","n/a","Medium","12/8/22","9:20",61,41,1.7,21.2,2423,5.93,13.8112,"Yes",113,11.7,5,0.0043,48.13,1.44
"103","SAR-BR16-D-R4-16S","16","Detritus","n/a","Medium","12/8/22","9:20",61,41,1.7,21.2,2423,5.93,13.8112,"Yes",113,11.7,5,0.0043,48.13,1.44
"104","SAR-BR16-D-R5-16S","16","Detritus","n/a","Medium","12/8/22","9:20",61,41,1.7,21.2,2423,5.93,13.8112,"Yes",113,11.7,5,0.0043,48.13,1.44
"105","SAR-BR16-W02-R3-16S","16","Water","n/a","Medium","12/8/22","9:20",61,41,1.7,21.2,2423,5.93,13.8112,"Yes",113,11.7,5,0.0043,48.13,1.44
"106","SAR-BR16-WPool-R1-16S","16","Water","n/a","Medium","12/8/22","9:20",61,41,1.7,21.2,2423,5.93,13.8112,"Yes",113,11.7,5,0.0043,48.13,1.44
"107","SAR-BR16-W02-R1-16S","16","Water","n/a","Medium","12/8/22","9:20",61,41,1.7,21.2,2423,5.93,13.8112,"Yes",113,11.7,5,0.0043,48.13,1.44
"108","SAR-BR16-W02-R2-16S","16","Water","n/a","Medium","12/8/22","9:20",61,41,1.7,21.2,2423,5.93,13.8112,"Yes",113,11.7,5,0.0043,48.13,1.44
"109","SAR-BR16-D-R9-16S","16","Detritus","n/a","Medium","12/8/22","9:20",61,41,1.7,21.2,2423,5.93,13.8112,"Yes",113,11.7,5,0.0043,48.13,1.44
"110","SAR-BR16-D-R6-16S","16","Detritus","n/a","Medium","12/8/22","9:20",61,41,1.7,21.2,2423,5.93,13.8112,"Yes",113,11.7,5,0.0043,48.13,1.44
"111","SAR-BR16-WPool-R2-16S","16","Water","n/a","Medium","12/8/22","9:20",61,41,1.7,21.2,2423,5.93,13.8112,"Yes",113,11.7,5,0.0043,48.13,1.44
"112","SAR-BR16-WPool-R3-16S","16","Water","n/a","Medium","12/8/22","9:20",61,41,1.7,21.2,2423,5.93,13.8112,"Yes",113,11.7,5,0.0043,48.13,1.44
"113","SAR-BR16-D-R7-16S","16","Detritus","n/a","Medium","12/8/22","9:20",61,41,1.7,21.2,2423,5.93,13.8112,"Yes",113,11.7,5,0.0043,48.13,1.44
"114","SAR-BR16-D-R8-16S","16","Detritus","n/a","Medium","12/8/22","9:20",61,41,1.7,21.2,2423,5.93,13.8112,"Yes",113,11.7,5,0.0043,48.13,1.44
"115","SAR-BR17-D-R10-16S","17","Detritus","n/a","Large","12/8/22","9:15",95,82,5.5,20.9,2930,4.98,35.8147,"No",51,13.1,21,0,50.69,1.48
"116","SAR-BR17-D-R2-16S","17","Detritus","n/a","Large","12/8/22","9:15",95,82,5.5,20.9,2930,4.98,35.8147,"No",51,13.1,21,0,50.69,1.48
"117","SAR-BR17-D-R1-16S","17","Detritus","n/a","Large","12/8/22","9:15",95,82,5.5,20.9,2930,4.98,35.8147,"No",51,13.1,21,0,50.69,1.48
"118","SAR-BR17-W02-R4-16S","17","Water","n/a","Large","12/8/22","9:15",95,82,5.5,20.9,2930,4.98,35.8147,"No",51,13.1,21,0,50.69,1.48
"119","SAR-BR17-W02-R5-16S","17","Water","n/a","Large","12/8/22","9:15",95,82,5.5,20.9,2930,4.98,35.8147,"No",51,13.1,21,0,50.69,1.48
"120","SAR-BR17-W02-R6-16S","17","Water","n/a","Large","12/8/22","9:15",95,82,5.5,20.9,2930,4.98,35.8147,"No",51,13.1,21,0,50.69,1.48
"121","SAR-BR17-D-R3-16S","17","Detritus","n/a","Large","12/8/22","9:15",95,82,5.5,20.9,2930,4.98,35.8147,"No",51,13.1,21,0,50.69,1.48
"122","SAR-BR-17-I-R1-16S","17","Invertebrate","n/a","Large","12/8/22","9:15",95,82,5.5,20.9,2930,4.98,35.8147,"No",51,13.1,21,0,50.69,1.48
"123","SAR-BR17-D-R9-16S","17","Detritus","n/a","Large","12/8/22","9:15",95,82,5.5,20.9,2930,4.98,35.8147,"No",51,13.1,21,0,50.69,1.48
"124","SAR-BR17-W02-R1-16S","17","Water","n/a","Large","12/8/22","9:15",95,82,5.5,20.9,2930,4.98,35.8147,"No",51,13.1,21,0,50.69,1.48
"125","SAR-BR17-W02-R2-16S","17","Water","n/a","Large","12/8/22","9:15",95,82,5.5,20.9,2930,4.98,35.8147,"No",51,13.1,21,0,50.69,1.48
"126","SAR-BR17-W02-R3-16S","17","Water","n/a","Large","12/8/22","9:15",95,82,5.5,20.9,2930,4.98,35.8147,"No",51,13.1,21,0,50.69,1.48
"127","SAR-BR17-WPool-R3-16S","17","Water","n/a","Large","12/8/22","9:15",95,82,5.5,20.9,2930,4.98,35.8147,"No",51,13.1,21,0,50.69,1.48
"128","SAR-BR17-WPool-R4-16S","17","Water","n/a","Large","12/8/22","9:15",95,82,5.5,20.9,2930,4.98,35.8147,"No",51,13.1,21,0,50.69,1.48
"129","SAR-BR17-WPool-R5-16S","17","Water","n/a","Large","12/8/22","9:15",95,82,5.5,20.9,2930,4.98,35.8147,"No",51,13.1,21,0,50.69,1.48
"130","SAR-BR17-W02-R7-16S","17","Water","n/a","Large","12/8/22","9:15",95,82,5.5,20.9,2930,4.98,35.8147,"No",51,13.1,21,0,50.69,1.48
"131","SAR-BR17-D-R4-16S","17","Detritus","n/a","Large","12/8/22","9:15",95,82,5.5,20.9,2930,4.98,35.8147,"No",51,13.1,21,0,50.69,1.48
"132","SAR-BR17-D-R5-16S","17","Detritus","n/a","Large","12/8/22","9:15",95,82,5.5,20.9,2930,4.98,35.8147,"No",51,13.1,21,0,50.69,1.48
"133","SAR-BR17-D-R6-16S","17","Detritus","n/a","Large","12/8/22","9:15",95,82,5.5,20.9,2930,4.98,35.8147,"No",51,13.1,21,0,50.69,1.48
"134","SAR-BR17-D-R7-16S","17","Detritus","n/a","Large","12/8/22","9:15",95,82,5.5,20.9,2930,4.98,35.8147,"No",51,13.1,21,0,50.69,1.48
"135","SAR-BR17-D-R8-16S","17","Detritus","n/a","Large","12/8/22","9:15",95,82,5.5,20.9,2930,4.98,35.8147,"No",51,13.1,21,0,50.69,1.48
"136","SAR-BR17-Wpool-R11-16S","17","Water","n/a","Large","12/8/22","9:15",95,82,5.5,20.9,2930,4.98,35.8147,"No",51,13.1,21,0,50.69,1.48
"137","SAR-BR17-Wpool-R12-16S","17","Water","n/a","Large","12/8/22","9:15",95,82,5.5,20.9,2930,4.98,35.8147,"No",51,13.1,21,0,50.69,1.48
"138","SAR-BR17-WPool-R13-16S","17","Water","n/a","Large","12/8/22","9:15",95,82,5.5,20.9,2930,4.98,35.8147,"No",51,13.1,21,0,50.69,1.48
"139","SAR-BR17-Wpool-R15-16S","17","Water","n/a","Large","12/8/22","9:15",95,82,5.5,20.9,2930,4.98,35.8147,"No",51,13.1,21,0,50.69,1.48
"140","SAR-BR17-Wpool-R2-16S","17","Water","n/a","Large","12/8/22","9:15",95,82,5.5,20.9,2930,4.98,35.8147,"No",51,13.1,21,0,50.69,1.48
"141","SAR-BR17-Wpool-R8-16S","17","Water","n/a","Large","12/8/22","9:15",95,82,5.5,20.9,2930,4.98,35.8147,"No",51,13.1,21,0,50.69,1.48
"142","SAR-BR17-WPool-R9-16S","17","Water","n/a","Large","12/8/22","9:15",95,82,5.5,20.9,2930,4.98,35.8147,"No",51,13.1,21,0,50.69,1.48
"143","SAR-BR17-WPool-R6-16S","17","Water","n/a","Large","12/8/22","9:15",95,82,5.5,20.9,2930,4.98,35.8147,"No",51,13.1,21,0,50.69,1.48
"144","SAR-BR17-WPool-R7-16S","17","Water","n/a","Large","12/8/22","9:15",95,82,5.5,20.9,2930,4.98,35.8147,"No",51,13.1,21,0,50.69,1.48
"145","SAR-BR17-WPool-R1-16S","17","Water","n/a","Large","12/8/22","9:15",95,82,5.5,20.9,2930,4.98,35.8147,"No",51,13.1,21,0,50.69,1.48
"146","SAR-BR17-WPool-R10-16S","17","Water","n/a","Large","12/8/22","9:15",95,82,5.5,20.9,2930,4.98,35.8147,"No",51,13.1,21,0,50.69,1.48
"147","SAR-BR17-W02-R8-16S","17","Water","n/a","Large","12/8/22","9:15",95,82,5.5,20.9,2930,4.98,35.8147,"No",51,13.1,21,0,50.69,1.48
"148","SAR-BR-18-I-R1-16S","18","Invertebrate","n/a","Small","12/12/22","9:15",36,34,3.3,20,117,7.02,0.9879,"No",15,8.5,29,0.0261,47.18,1.66
"149","SAR-BR18-WPool-R1-16S","18","Water","n/a","Small","12/12/22","9:15",36,34,3.3,20,117,7.02,0.9879,"No",15,8.5,29,0.0261,47.18,1.66
"150","SAR-BR18-D-R2-16S","18","Detritus","n/a","Small","12/12/22","9:15",36,34,3.3,20,117,7.02,0.9879,"No",15,8.5,29,0.0261,47.18,1.66
"151","SAR-BR18-D-R3-16S","18","Detritus","n/a","Small","12/12/22","9:15",36,34,3.3,20,117,7.02,0.9879,"No",15,8.5,29,0.0261,47.18,1.66
"152","SAR-BR18-D-R1-16S","18","Detritus","n/a","Small","12/12/22","9:15",36,34,3.3,20,117,7.02,0.9879,"No",15,8.5,29,0.0261,47.18,1.66
"153","SAR-BR18-WPool-R2-16S","18","Water","n/a","Small","12/12/22","9:15",36,34,3.3,20,117,7.02,0.9879,"No",15,8.5,29,0.0261,47.18,1.66
"154","SAR-BR18-W02-R1-16S","18","Water","n/a","Small","12/12/22","9:15",36,34,3.3,20,117,7.02,0.9879,"No",15,8.5,29,0.0261,47.18,1.66
"155","SAR-BR19-D-R2-16S","19","Detritus","n/a","Medium","12/12/22","9:15",51,39,1.8,20,850,5.4,4.5353,"No",101,1.6,22,0,48.06,2.04
"156","SAR-BR19-D-R3-16S","19","Detritus","n/a","Medium","12/12/22","9:15",51,39,1.8,20,850,5.4,4.5353,"No",101,1.6,22,0,48.06,2.04
"157","SAR-BR19-D-R1-16S","19","Detritus","n/a","Medium","12/12/22","9:15",51,39,1.8,20,850,5.4,4.5353,"No",101,1.6,22,0,48.06,2.04
"158","SAR-BR19-D-R10-16S","19","Detritus","n/a","Medium","12/12/22","9:15",51,39,1.8,20,850,5.4,4.5353,"No",101,1.6,22,0,48.06,2.04
"159","SAR-BR19-WPool-R1-16S","19","Water","n/a","Medium","12/12/22","9:15",51,39,1.8,20,850,5.4,4.5353,"No",101,1.6,22,0,48.06,2.04
"160","SAR-BR19-WPool-R3-16S","19","Water","n/a","Medium","12/12/22","9:15",51,39,1.8,20,850,5.4,4.5353,"No",101,1.6,22,0,48.06,2.04
"161","SAR-BR19-W02-R2-16S","19","Water","n/a","Medium","12/12/22","9:15",51,39,1.8,20,850,5.4,4.5353,"No",101,1.6,22,0,48.06,2.04
"162","SAR-BR19-D-R4-16S","19","Detritus","n/a","Medium","12/12/22","9:15",51,39,1.8,20,850,5.4,4.5353,"No",101,1.6,22,0,48.06,2.04
"163","SAR-BR19-Wpool-R2-16S","19","Water","n/a","Medium","12/12/22","9:15",51,39,1.8,20,850,5.4,4.5353,"No",101,1.6,22,0,48.06,2.04
"164","SAR-BR-19-I-R1-16S","19","Invertebrate","n/a","Medium","12/12/22","9:15",51,39,1.8,20,850,5.4,4.5353,"No",101,1.6,22,0,48.06,2.04
"165","SAR-BR19-D-R6-16S","19","Detritus","n/a","Medium","12/12/22","9:15",51,39,1.8,20,850,5.4,4.5353,"No",101,1.6,22,0,48.06,2.04
"166","SAR-BR19-W02-R3-16S","19","Water","n/a","Medium","12/12/22","9:15",51,39,1.8,20,850,5.4,4.5353,"No",101,1.6,22,0,48.06,2.04
"167","SAR-BR19-D-R8-16S","19","Detritus","n/a","Medium","12/12/22","9:15",51,39,1.8,20,850,5.4,4.5353,"No",101,1.6,22,0,48.06,2.04
"168","SAR-BR19-D-R5-16S","19","Detritus","n/a","Medium","12/12/22","9:15",51,39,1.8,20,850,5.4,4.5353,"No",101,1.6,22,0,48.06,2.04
"169","SAR-BR19-W02-R1-16S","19","Water","n/a","Medium","12/12/22","9:15",51,39,1.8,20,850,5.4,4.5353,"No",101,1.6,22,0,48.06,2.04
"170","SAR-BR19-D-R7-16S","19","Detritus","n/a","Medium","12/12/22","9:15",51,39,1.8,20,850,5.4,4.5353,"No",101,1.6,22,0,48.06,2.04
"171","SAR-BR19-D-R9-16S","19","Detritus","n/a","Medium","12/12/22","9:15",51,39,1.8,20,850,5.4,4.5353,"No",101,1.6,22,0,48.06,2.04
"172","SAR-BR2-W02-R2-16S","2","Water","n/a","Medium","11/30/22","9:00",67,52,2.1,22,715,6.75,3.9492,"Yes",43,9.3,47,0,47.35,2.14
"173","SAR-BR2-D-R1-16S","2","Detritus","n/a","Medium","11/30/22","9:00",67,52,2.1,22,715,6.75,3.9492,"Yes",43,9.3,47,0,47.35,2.14
"174","SAR-BR2-WPool-R1-16S","2","Water","n/a","Medium","11/30/22","9:00",67,52,2.1,22,715,6.75,3.9492,"Yes",43,9.3,47,0,47.35,2.14
"175","SAR-BR2-D-R10-16S","2","Detritus","n/a","Medium","11/30/22","9:00",67,52,2.1,22,715,6.75,3.9492,"Yes",43,9.3,47,0,47.35,2.14
"176","SAR-BR2-W02-R3-16S","2","Water","n/a","Medium","11/30/22","9:00",67,52,2.1,22,715,6.75,3.9492,"Yes",43,9.3,47,0,47.35,2.14
"177","SAR-BR2-W02-R4-16S","2","Water","n/a","Medium","11/30/22","9:00",67,52,2.1,22,715,6.75,3.9492,"Yes",43,9.3,47,0,47.35,2.14
"178","SAR-BR-2-I-R1-16S","2","Invertebrate","n/a","Medium","11/30/22","9:00",67,52,2.1,22,715,6.75,3.9492,"Yes",43,9.3,47,0,47.35,2.14
"179","SAR-BR2-D-R8-16S","2","Detritus","n/a","Medium","11/30/22","9:00",67,52,2.1,22,715,6.75,3.9492,"Yes",43,9.3,47,0,47.35,2.14
"180","SAR-BR2-D-R9-16S","2","Detritus","n/a","Medium","11/30/22","9:00",67,52,2.1,22,715,6.75,3.9492,"Yes",43,9.3,47,0,47.35,2.14
"181","SAR-BR2-W02-R1-16S","2","Water","n/a","Medium","11/30/22","9:00",67,52,2.1,22,715,6.75,3.9492,"Yes",43,9.3,47,0,47.35,2.14
"182","SAR-BR2-WPool-R4-16S","2","Water","n/a","Medium","11/30/22","9:00",67,52,2.1,22,715,6.75,3.9492,"Yes",43,9.3,47,0,47.35,2.14
"183","SAR-BR2-WPool-R5-16S","2","Water","n/a","Medium","11/30/22","9:00",67,52,2.1,22,715,6.75,3.9492,"Yes",43,9.3,47,0,47.35,2.14
"184","SAR-BR2-WPool-R2-16S","2","Water","n/a","Medium","11/30/22","9:00",67,52,2.1,22,715,6.75,3.9492,"Yes",43,9.3,47,0,47.35,2.14
"185","SAR-BR2-WPool-R3-16S","2","Water","n/a","Medium","11/30/22","9:00",67,52,2.1,22,715,6.75,3.9492,"Yes",43,9.3,47,0,47.35,2.14
"186","SAR-BR2-D-R6-16S","2","Detritus","n/a","Medium","11/30/22","9:00",67,52,2.1,22,715,6.75,3.9492,"Yes",43,9.3,47,0,47.35,2.14
"187","SAR-BR2-D-R7-16S","2","Detritus","n/a","Medium","11/30/22","9:00",67,52,2.1,22,715,6.75,3.9492,"Yes",43,9.3,47,0,47.35,2.14
"188","SAR-BR2-D-R4-16S","2","Detritus","n/a","Medium","11/30/22","9:00",67,52,2.1,22,715,6.75,3.9492,"Yes",43,9.3,47,0,47.35,2.14
"189","SAR-BR2-D-R5-16S","2","Detritus","n/a","Medium","11/30/22","9:00",67,52,2.1,22,715,6.75,3.9492,"Yes",43,9.3,47,0,47.35,2.14
"190","SAR-BR2-D-R2-16S","2","Detritus","n/a","Medium","11/30/22","9:00",67,52,2.1,22,715,6.75,3.9492,"Yes",43,9.3,47,0,47.35,2.14
"191","SAR-BR2-D-R3-16S","2","Detritus","n/a","Medium","11/30/22","9:00",67,52,2.1,22,715,6.75,3.9492,"Yes",43,9.3,47,0,47.35,2.14
"192","SAR-BR20-D-R9-16S","20","Detritus","n/a","Large","12/12/22","9:15",95,50,2.2,20,2900,6.34,9.7595,"Yes",8.9,11.8,27,0,46.72,1.41
"193","SAR-BR20-D-R6-16S","20","Detritus","n/a","Large","12/12/22","9:15",95,50,2.2,20,2900,6.34,9.7595,"Yes",8.9,11.8,27,0,46.72,1.41
"194","SAR-BR20-D-R7-16S","20","Detritus","n/a","Large","12/12/22","9:15",95,50,2.2,20,2900,6.34,9.7595,"Yes",8.9,11.8,27,0,46.72,1.41
"195","SAR-BR20-W02-R1-16S","20","Water","n/a","Large","12/12/22","9:15",95,50,2.2,20,2900,6.34,9.7595,"Yes",8.9,11.8,27,0,46.72,1.41
"196","SAR-BR-20-I-R1-16S","20","Invertebrate","n/a","Large","12/12/22","9:15",95,50,2.2,20,2900,6.34,9.7595,"Yes",8.9,11.8,27,0,46.72,1.41
"197","SAR-BR20-D-R1-16S","20","Detritus","n/a","Large","12/12/22","9:15",95,50,2.2,20,2900,6.34,9.7595,"Yes",8.9,11.8,27,0,46.72,1.41
"198","SAR-BR20-W02-R2-16S","20","Water","n/a","Large","12/12/22","9:15",95,50,2.2,20,2900,6.34,9.7595,"Yes",8.9,11.8,27,0,46.72,1.41
"199","SAR-BR20-D-R2-16S","20","Detritus","n/a","Large","12/12/22","9:15",95,50,2.2,20,2900,6.34,9.7595,"Yes",8.9,11.8,27,0,46.72,1.41
"200","SAR-BR20-D-R3-16S","20","Detritus","n/a","Large","12/12/22","9:15",95,50,2.2,20,2900,6.34,9.7595,"Yes",8.9,11.8,27,0,46.72,1.41
"201","SAR-BR20-D-R4-16S","20","Detritus","n/a","Large","12/12/22","9:15",95,50,2.2,20,2900,6.34,9.7595,"Yes",8.9,11.8,27,0,46.72,1.41
"202","SAR-BR20-D-R10-16S","20","Detritus","n/a","Large","12/12/22","9:15",95,50,2.2,20,2900,6.34,9.7595,"Yes",8.9,11.8,27,0,46.72,1.41
"203","SAR-BR20-WPool-R3-16S","20","Water","n/a","Large","12/12/22","9:15",95,50,2.2,20,2900,6.34,9.7595,"Yes",8.9,11.8,27,0,46.72,1.41
"204","SAR-BR20-W02-R3-16S","20","Water","n/a","Large","12/12/22","9:15",95,50,2.2,20,2900,6.34,9.7595,"Yes",8.9,11.8,27,0,46.72,1.41
"205","SAR-BR20-WPool-R1-16S","20","Water","n/a","Large","12/12/22","9:15",95,50,2.2,20,2900,6.34,9.7595,"Yes",8.9,11.8,27,0,46.72,1.41
"206","SAR-BR20-D-R5-16S","20","Detritus","n/a","Large","12/12/22","9:15",95,50,2.2,20,2900,6.34,9.7595,"Yes",8.9,11.8,27,0,46.72,1.41
"207","SAR-BR20-WPool-R2-16S","20","Water","n/a","Large","12/12/22","9:15",95,50,2.2,20,2900,6.34,9.7595,"Yes",8.9,11.8,27,0,46.72,1.41
"208","SAR-BR-21-I-R1-16S","21","Invertebrate","n/a","Small","12/13/22","9:15",20,19,5,20.5,160,8.62,0.1456,"No",8,18.5,11,0,46.45,2.59
"209","SAR-BR21-D-R1-16S","21","Detritus","n/a","Small","12/13/22","9:15",20,19,5,20.5,160,8.62,0.1456,"No",8,18.5,11,0,46.45,2.59
"210","SAR-BR21-W02-R1-16S","21","Water","n/a","Small","12/13/22","9:15",20,19,5,20.5,160,8.62,0.1456,"No",8,18.5,11,0,46.45,2.59
"211","SAR-BR21-Wpool-R2-16S","21","Water","n/a","Small","12/13/22","9:15",20,19,5,20.5,160,8.62,0.1456,"No",8,18.5,11,0,46.45,2.59
"212","SAR-BR21-Wpool-R1-16S","21","Water","n/a","Small","12/13/22","9:15",20,19,5,20.5,160,8.62,0.1456,"No",8,18.5,11,0,46.45,2.59
"213","SAR-BR22-W02-R1-16S","22","Water","n/a","Medium","12/13/22","9:15",47,27,2.8,20.4,121,6.59,0.6188,"No",29,0.6,21,0.0804,43.43,1.9
"214","SAR-BR22-W02-R2-16S","22","Water","n/a","Medium","12/13/22","9:15",47,27,2.8,20.4,121,6.59,0.6188,"No",29,0.6,21,0.0804,43.43,1.9
"215","SAR-BR-22-I-R1-16S","22","Invertebrate","n/a","Medium","12/13/22","9:15",47,27,2.8,20.4,121,6.59,0.6188,"No",29,0.6,21,0.0804,43.43,1.9
"216","SAR-BR22-D-R2-16S","22","Detritus","n/a","Medium","12/13/22","9:15",47,27,2.8,20.4,121,6.59,0.6188,"No",29,0.6,21,0.0804,43.43,1.9
"217","SAR-BR22-Wpool-R2-16S","22","Water","n/a","Medium","12/13/22","9:15",47,27,2.8,20.4,121,6.59,0.6188,"No",29,0.6,21,0.0804,43.43,1.9
"218","SAR-BR22-Wpool-R1-16S","22","Water","n/a","Medium","12/13/22","9:15",47,27,2.8,20.4,121,6.59,0.6188,"No",29,0.6,21,0.0804,43.43,1.9
"219","SAR-BR22-D-R1-16S","22","Detritus","n/a","Medium","12/13/22","9:15",47,27,2.8,20.4,121,6.59,0.6188,"No",29,0.6,21,0.0804,43.43,1.9
"220","SAR-BR-23-I-R1-16S","23","Invertebrate","n/a","Large","12/13/22","9:15",75,59,4.6,20.2,1555,5.12,4.2922,"No",145,3.8,23,0,39.59,1.14
"221","SAR-BR23-D-R8-16S","23","Detritus","n/a","Large","12/13/22","9:15",75,59,4.6,20.2,1555,5.12,4.2922,"No",145,3.8,23,0,39.59,1.14
"222","SAR-BR23-W02-R1-16S","23","Water","n/a","Large","12/13/22","9:15",75,59,4.6,20.2,1555,5.12,4.2922,"No",145,3.8,23,0,39.59,1.14
"223","SAR-BR23-Wpool-R2-16S","23","Water","n/a","Large","12/13/22","9:15",75,59,4.6,20.2,1555,5.12,4.2922,"No",145,3.8,23,0,39.59,1.14
"224","SAR-BR23-W02-R2-16S","23","Water","n/a","Large","12/13/22","9:15",75,59,4.6,20.2,1555,5.12,4.2922,"No",145,3.8,23,0,39.59,1.14
"225","SAR-BR23-Wpool-R-16S","23","Water","n/a","Large","12/13/22","9:15",75,59,4.6,20.2,1555,5.12,4.2922,"No",145,3.8,23,0,39.59,1.14
"226","SAR-BR23-D-R9-16S","23","Detritus","n/a","Large","12/13/22","9:15",75,59,4.6,20.2,1555,5.12,4.2922,"No",145,3.8,23,0,39.59,1.14
"227","SAR-BR23-D-R4-16S","23","Detritus","n/a","Large","12/13/22","9:15",75,59,4.6,20.2,1555,5.12,4.2922,"No",145,3.8,23,0,39.59,1.14
"228","SAR-BR23-D-R10-16S","23","Detritus","n/a","Large","12/13/22","9:15",75,59,4.6,20.2,1555,5.12,4.2922,"No",145,3.8,23,0,39.59,1.14
"229","SAR-BR23-D-R2-16S","23","Detritus","n/a","Large","12/13/22","9:15",75,59,4.6,20.2,1555,5.12,4.2922,"No",145,3.8,23,0,39.59,1.14
"230","SAR-BR23-D-R3-16S","23","Detritus","n/a","Large","12/13/22","9:15",75,59,4.6,20.2,1555,5.12,4.2922,"No",145,3.8,23,0,39.59,1.14
"231","SAR-BR23-Wpool-R1-16S","23","Water","n/a","Large","12/13/22","9:15",75,59,4.6,20.2,1555,5.12,4.2922,"No",145,3.8,23,0,39.59,1.14
"232","SAR-BR23-D-R5-16S","23","Detritus","n/a","Large","12/13/22","9:15",75,59,4.6,20.2,1555,5.12,4.2922,"No",145,3.8,23,0,39.59,1.14
"233","SAR-BR23-D-R6-16S","23","Detritus","n/a","Large","12/13/22","9:15",75,59,4.6,20.2,1555,5.12,4.2922,"No",145,3.8,23,0,39.59,1.14
"234","SAR-BR23-D-R7-16S","23","Detritus","n/a","Large","12/13/22","9:15",75,59,4.6,20.2,1555,5.12,4.2922,"No",145,3.8,23,0,39.59,1.14
"235","SAR-BR23-D-R1-16S","23","Detritus","n/a","Large","12/13/22","9:15",75,59,4.6,20.2,1555,5.12,4.2922,"No",145,3.8,23,0,39.59,1.14
"236","SAR-BR-24-I-R1-16S","24","Invertebrate","n/a","Large","12/13/22","9:15",120,74,3.8,20,1996,4.99,14.3707,"Yes",80,18.2,17,0,49.34,1.61
"237","SAR-BR24-W02-R1-16S","24","Water","n/a","Large","12/13/22","9:15",120,74,3.8,20,1996,4.99,14.3707,"Yes",80,18.2,17,0,49.34,1.61
"238","SAR-BR24-W02-R3-16S","24","Water","n/a","Large","12/13/22","9:15",120,74,3.8,20,1996,4.99,14.3707,"Yes",80,18.2,17,0,49.34,1.61
"239","SAR-BR24-D-R8-16S","24","Detritus","n/a","Large","12/13/22","9:15",120,74,3.8,20,1996,4.99,14.3707,"Yes",80,18.2,17,0,49.34,1.61
"240","SAR-BR24-D-R9-16S","24","Detritus","n/a","Large","12/13/22","9:15",120,74,3.8,20,1996,4.99,14.3707,"Yes",80,18.2,17,0,49.34,1.61
"241","SAR-BR24-D-R1-16S","24","Detritus","n/a","Large","12/13/22","9:15",120,74,3.8,20,1996,4.99,14.3707,"Yes",80,18.2,17,0,49.34,1.61
"242","SAR-BR24-D-R10-16S","24","Detritus","n/a","Large","12/13/22","9:15",120,74,3.8,20,1996,4.99,14.3707,"Yes",80,18.2,17,0,49.34,1.61
"243","SAR-BR24-D-R2-16S","24","Detritus","n/a","Large","12/13/22","9:15",120,74,3.8,20,1996,4.99,14.3707,"Yes",80,18.2,17,0,49.34,1.61
"244","SAR-BR24-D-R3-16S","24","Detritus","n/a","Large","12/13/22","9:15",120,74,3.8,20,1996,4.99,14.3707,"Yes",80,18.2,17,0,49.34,1.61
"245","SAR-BR24-D-R4-16S","24","Detritus","n/a","Large","12/13/22","9:15",120,74,3.8,20,1996,4.99,14.3707,"Yes",80,18.2,17,0,49.34,1.61
"246","SAR-BR24-D-R6-16S","24","Detritus","n/a","Large","12/13/22","9:15",120,74,3.8,20,1996,4.99,14.3707,"Yes",80,18.2,17,0,49.34,1.61
"247","SAR-BR24-D-R7-16S","24","Detritus","n/a","Large","12/13/22","9:15",120,74,3.8,20,1996,4.99,14.3707,"Yes",80,18.2,17,0,49.34,1.61
"248","SAR-BR24-Wpool-R1-16S","24","Water","n/a","Large","12/13/22","9:15",120,74,3.8,20,1996,4.99,14.3707,"Yes",80,18.2,17,0,49.34,1.61
"249","SAR-BR24-Wpool-R2-16S","24","Water","n/a","Large","12/13/22","9:15",120,74,3.8,20,1996,4.99,14.3707,"Yes",80,18.2,17,0,49.34,1.61
"250","SAR-BR24-Wpool-R3-16S","24","Water","n/a","Large","12/13/22","9:15",120,74,3.8,20,1996,4.99,14.3707,"Yes",80,18.2,17,0,49.34,1.61
"251","SAR-BR24-W02-R2-16S","24","Water","n/a","Large","12/13/22","9:15",120,74,3.8,20,1996,4.99,14.3707,"Yes",80,18.2,17,0,49.34,1.61
"252","SAR-BR25-D-R2-16S","25","Detritus","n/a","Small","12/14/22","9:15",36,40,1.5,20.9,192,7.82,1.1665,"No",36,9.6,15,0.0043,48.18,2.09
"253","SAR-BR25-W02-R1-16S","25","Water","n/a","Small","12/14/22","9:15",36,40,1.5,20.9,192,7.82,1.1665,"No",36,9.6,15,0.0043,48.18,2.09
"254","SAR-BR-25-I-R1-16S","25","Invertebrate","n/a","Small","12/14/22","9:15",36,40,1.5,20.9,192,7.82,1.1665,"No",36,9.6,15,0.0043,48.18,2.09
"255","SAR-BR25-Wpool-R1-16S","25","Water","n/a","Small","12/14/22","9:15",36,40,1.5,20.9,192,7.82,1.1665,"No",36,9.6,15,0.0043,48.18,2.09
"256","SAR-BR26-W02-R2-16S","26","Water","n/a","Medium","12/14/22","9:15",51,41,1.7,20.9,790,5.71,1.7776,"Yes",22,3.1,32,0,49.35,2.24
"257","SAR-BR26-D-R4-16S","26","Detritus","n/a","Medium","12/14/22","9:15",51,41,1.7,20.9,790,5.71,1.7776,"Yes",22,3.1,32,0,49.35,2.24
"258","SAR-BR26-W02-R1-16S","26","Water","n/a","Medium","12/14/22","9:15",51,41,1.7,20.9,790,5.71,1.7776,"Yes",22,3.1,32,0,49.35,2.24
"259","SAR-BR26-D-R2-16S","26","Detritus","n/a","Medium","12/14/22","9:15",51,41,1.7,20.9,790,5.71,1.7776,"Yes",22,3.1,32,0,49.35,2.24
"260","SAR-BR26-D-R3-16S","26","Detritus","n/a","Medium","12/14/22","9:15",51,41,1.7,20.9,790,5.71,1.7776,"Yes",22,3.1,32,0,49.35,2.24
"261","SAR-BR26-D-R5-16S","26","Detritus","n/a","Medium","12/14/22","9:15",51,41,1.7,20.9,790,5.71,1.7776,"Yes",22,3.1,32,0,49.35,2.24
"262","SAR-BR26-D-R1-16S","26","Detritus","n/a","Medium","12/14/22","9:15",51,41,1.7,20.9,790,5.71,1.7776,"Yes",22,3.1,32,0,49.35,2.24
"263","SAR-BR-26-I-R1-16S","26","Invertebrate","n/a","Medium","12/14/22","9:15",51,41,1.7,20.9,790,5.71,1.7776,"Yes",22,3.1,32,0,49.35,2.24
"264","SAR-BR26-Wpool-R1-16S","26","Water","n/a","Medium","12/14/22","9:15",51,41,1.7,20.9,790,5.71,1.7776,"Yes",22,3.1,32,0,49.35,2.24
"265","SAR-BR26-Wpool-R2-16S","26","Water","n/a","Medium","12/14/22","9:15",51,41,1.7,20.9,790,5.71,1.7776,"Yes",22,3.1,32,0,49.35,2.24
"266","SAR-BR26-W02-R3-16S","26","Water","n/a","Medium","12/14/22","9:15",51,41,1.7,20.9,790,5.71,1.7776,"Yes",22,3.1,32,0,49.35,2.24
"267","SAR-BR27-D-R6-16S","27","Detritus","n/a","Large","12/14/22","9:15",95,35,3.2,20.9,1010,6.9,21.7003,"No",133,2.1,42,0.0261,47.69,1.46
"268","SAR-BR27-D-R7-16S","27","Detritus","n/a","Large","12/14/22","9:15",95,35,3.2,20.9,1010,6.9,21.7003,"No",133,2.1,42,0.0261,47.69,1.46
"269","SAR-BR27-D-R5-16S","27","Detritus","n/a","Large","12/14/22","9:15",95,35,3.2,20.9,1010,6.9,21.7003,"No",133,2.1,42,0.0261,47.69,1.46
"270","SAR-BR27-Wpool-R3-16S","27","Water","n/a","Large","12/14/22","9:15",95,35,3.2,20.9,1010,6.9,21.7003,"No",133,2.1,42,0.0261,47.69,1.46
"271","SAR-BR27-D-R10-16S","27","Detritus","n/a","Large","12/14/22","9:15",95,35,3.2,20.9,1010,6.9,21.7003,"No",133,2.1,42,0.0261,47.69,1.46
"272","SAR-BR27-D-R8-16S","27","Detritus","n/a","Large","12/14/22","9:15",95,35,3.2,20.9,1010,6.9,21.7003,"No",133,2.1,42,0.0261,47.69,1.46
"273","SAR-BR27-D-R3-16S","27","Detritus","n/a","Large","12/14/22","9:15",95,35,3.2,20.9,1010,6.9,21.7003,"No",133,2.1,42,0.0261,47.69,1.46
"274","SAR-BR27-D-R4-16S","27","Detritus","n/a","Large","12/14/22","9:15",95,35,3.2,20.9,1010,6.9,21.7003,"No",133,2.1,42,0.0261,47.69,1.46
"275","SAR-BR27-W02-R1-16S","27","Water","n/a","Large","12/14/22","9:15",95,35,3.2,20.9,1010,6.9,21.7003,"No",133,2.1,42,0.0261,47.69,1.46
"276","SAR-BR27-D-R2-16S","27","Detritus","n/a","Large","12/14/22","9:15",95,35,3.2,20.9,1010,6.9,21.7003,"No",133,2.1,42,0.0261,47.69,1.46
"277","SAR-BR27-Wpool-R1-16S","27","Water","n/a","Large","12/14/22","9:15",95,35,3.2,20.9,1010,6.9,21.7003,"No",133,2.1,42,0.0261,47.69,1.46
"278","SAR-BR27-D-R9-16S","27","Detritus","n/a","Large","12/14/22","9:15",95,35,3.2,20.9,1010,6.9,21.7003,"No",133,2.1,42,0.0261,47.69,1.46
"279","SAR-BR27-D-R1-16S","27","Detritus","n/a","Large","12/14/22","9:15",95,35,3.2,20.9,1010,6.9,21.7003,"No",133,2.1,42,0.0261,47.69,1.46
"280","SAR-BR27-W02-R3-16S","27","Water","n/a","Large","12/14/22","9:15",95,35,3.2,20.9,1010,6.9,21.7003,"No",133,2.1,42,0.0261,47.69,1.46
"281","SAR-BR27-Wpool-R2-16S","27","Water","n/a","Large","12/14/22","9:15",95,35,3.2,20.9,1010,6.9,21.7003,"No",133,2.1,42,0.0261,47.69,1.46
"282","SAR-BR-27-I-R1-16S","27","Invertebrate","n/a","Large","12/14/22","9:15",95,35,3.2,20.9,1010,6.9,21.7003,"No",133,2.1,42,0.0261,47.69,1.46
"283","SAR-BR28-WPool-R1-16S","28","Water","n/a","Small","12/15/22","9:15",41,31,3.2,NA,32,7.87,1.2505,"No",6,18.4,20,0.1022,45.83,1.38
"284","SAR-BR28-W02-R1-16S","28","Water","n/a","Small","12/15/22","9:15",41,31,3.2,NA,32,7.87,1.2505,"No",6,18.4,20,0.1022,45.83,1.38
"285","SAR-BR28-D-R1-16S","28","Detritus","n/a","Small","12/15/22","9:15",41,31,3.2,NA,32,7.87,1.2505,"No",6,18.4,20,0.1022,45.83,1.38
"286","SAR-BR28-WPool-R2-16S","28","Water","n/a","Small","12/15/22","9:15",41,31,3.2,NA,32,7.87,1.2505,"No",6,18.4,20,0.1022,45.83,1.38
"287","SAR-BR28-D-R4-16S","28","Detritus","n/a","Small","12/15/22","9:15",41,31,3.2,NA,32,7.87,1.2505,"No",6,18.4,20,0.1022,45.83,1.38
"288","SAR-BR28-D-R2-16S","28","Detritus","n/a","Small","12/15/22","9:15",41,31,3.2,NA,32,7.87,1.2505,"No",6,18.4,20,0.1022,45.83,1.38
"289","SAR-BR28-D-R3-16S","28","Detritus","n/a","Small","12/15/22","9:15",41,31,3.2,NA,32,7.87,1.2505,"No",6,18.4,20,0.1022,45.83,1.38
"290","SAR-BR-28-I-R1-16S","28","Invertebrate","n/a","Small","12/15/22","9:15",41,31,3.2,NA,32,7.87,1.2505,"No",6,18.4,20,0.1022,45.83,1.38
"291","SAR-BR29-D-R9-16S","29","Detritus","n/a","Medium","12/15/22","9:15",62,32,2.5,NA,305,7.92,3.2925,"Yes",21,0.1,17,0.0097,48.75,1.34
"292","SAR-BR29-WPool-R1-16S","29","Water","n/a","Medium","12/15/22","9:15",62,32,2.5,NA,305,7.92,3.2925,"Yes",21,0.1,17,0.0097,48.75,1.34
"293","SAR-BR29-W02-R1-16S","29","Water","n/a","Medium","12/15/22","9:15",62,32,2.5,NA,305,7.92,3.2925,"Yes",21,0.1,17,0.0097,48.75,1.34
"294","SAR-BR29-W02-R2-16S","29","Water","n/a","Medium","12/15/22","9:15",62,32,2.5,NA,305,7.92,3.2925,"Yes",21,0.1,17,0.0097,48.75,1.34
"295","SAR-BR29-W02-R3-16S","29","Water","n/a","Medium","12/15/22","9:15",62,32,2.5,NA,305,7.92,3.2925,"Yes",21,0.1,17,0.0097,48.75,1.34
"296","SAR-BR-29-I-R1-16S","29","Invertebrate","n/a","Medium","12/15/22","9:15",62,32,2.5,NA,305,7.92,3.2925,"Yes",21,0.1,17,0.0097,48.75,1.34
"297","SAR-BR29-D-R5-16S","29","Detritus","n/a","Medium","12/15/22","9:15",62,32,2.5,NA,305,7.92,3.2925,"Yes",21,0.1,17,0.0097,48.75,1.34
"298","SAR-BR29-D-R6-16S","29","Detritus","n/a","Medium","12/15/22","9:15",62,32,2.5,NA,305,7.92,3.2925,"Yes",21,0.1,17,0.0097,48.75,1.34
"299","SAR-BR29-D-R7-16S","29","Detritus","n/a","Medium","12/15/22","9:15",62,32,2.5,NA,305,7.92,3.2925,"Yes",21,0.1,17,0.0097,48.75,1.34
"300","SAR-BR29-D-R8-16S","29","Detritus","n/a","Medium","12/15/22","9:15",62,32,2.5,NA,305,7.92,3.2925,"Yes",21,0.1,17,0.0097,48.75,1.34
"301","SAR-BR29-D-R3-16S","29","Detritus","n/a","Medium","12/15/22","9:15",62,32,2.5,NA,305,7.92,3.2925,"Yes",21,0.1,17,0.0097,48.75,1.34
"302","SAR-BR29-D-R1-16S","29","Detritus","n/a","Medium","12/15/22","9:15",62,32,2.5,NA,305,7.92,3.2925,"Yes",21,0.1,17,0.0097,48.75,1.34
"303","SAR-BR29-D-R10-16S","29","Detritus","n/a","Medium","12/15/22","9:15",62,32,2.5,NA,305,7.92,3.2925,"Yes",21,0.1,17,0.0097,48.75,1.34
"304","SAR-BR29-D-R2-16S","29","Detritus","n/a","Medium","12/15/22","9:15",62,32,2.5,NA,305,7.92,3.2925,"Yes",21,0.1,17,0.0097,48.75,1.34
"305","SAR-BR29-WPool-R3-16S","29","Water","n/a","Medium","12/15/22","9:15",62,32,2.5,NA,305,7.92,3.2925,"Yes",21,0.1,17,0.0097,48.75,1.34
"306","SAR-BR29-D-R4-16S","29","Detritus","n/a","Medium","12/15/22","9:15",62,32,2.5,NA,305,7.92,3.2925,"Yes",21,0.1,17,0.0097,48.75,1.34
"307","SAR-BR29-WPool-R2-16S","29","Water","n/a","Medium","12/15/22","9:15",62,32,2.5,NA,305,7.92,3.2925,"Yes",21,0.1,17,0.0097,48.75,1.34
"308","SAR-BR3-D-R9-16S","3","Detritus","n/a","Large","11/30/22","10:00",89,45,5.2,24.5,1385,8.78,5.1791,"Yes",22,5.3,23,0.0206,46.86,2.02
"309","SAR-BR3-D-R7-16S","3","Detritus","n/a","Large","11/30/22","10:00",89,45,5.2,24.5,1385,8.78,5.1791,"Yes",22,5.3,23,0.0206,46.86,2.02
"310","SAR-BR3-D-R8-16S","3","Detritus","n/a","Large","11/30/22","10:00",89,45,5.2,24.5,1385,8.78,5.1791,"Yes",22,5.3,23,0.0206,46.86,2.02
"311","SAR-BR3-Wpool-R3-16S","3","Water","n/a","Large","11/30/22","10:00",89,45,5.2,24.5,1385,8.78,5.1791,"Yes",22,5.3,23,0.0206,46.86,2.02
"312","SAR-BR3-W02-R1-16S","3","Water","n/a","Large","11/30/22","10:00",89,45,5.2,24.5,1385,8.78,5.1791,"Yes",22,5.3,23,0.0206,46.86,2.02
"313","SAR-BR3-W02-R2-16S","3","Water","n/a","Large","11/30/22","10:00",89,45,5.2,24.5,1385,8.78,5.1791,"Yes",22,5.3,23,0.0206,46.86,2.02
"314","SAR-BR3-Wpool-R6-16S","3","Water","n/a","Large","11/30/22","10:00",89,45,5.2,24.5,1385,8.78,5.1791,"Yes",22,5.3,23,0.0206,46.86,2.02
"315","SAR-BR3-D-R6-16S","3","Detritus","n/a","Large","11/30/22","10:00",89,45,5.2,24.5,1385,8.78,5.1791,"Yes",22,5.3,23,0.0206,46.86,2.02
"316","SAR-BR3-WPool-R4-16S","3","Water","n/a","Large","11/30/22","10:00",89,45,5.2,24.5,1385,8.78,5.1791,"Yes",22,5.3,23,0.0206,46.86,2.02
"317","SAR-BR3-WPool-R5-16S","3","Water","n/a","Large","11/30/22","10:00",89,45,5.2,24.5,1385,8.78,5.1791,"Yes",22,5.3,23,0.0206,46.86,2.02
"318","SAR-BR3-WPool-R1-16S","3","Water","n/a","Large","11/30/22","10:00",89,45,5.2,24.5,1385,8.78,5.1791,"Yes",22,5.3,23,0.0206,46.86,2.02
"319","SAR-BR3-W02-R3-16S","3","Water","n/a","Large","11/30/22","10:00",89,45,5.2,24.5,1385,8.78,5.1791,"Yes",22,5.3,23,0.0206,46.86,2.02
"320","SAR-BR-3-I-R1-16S","3","Invertebrate","n/a","Large","11/30/22","10:00",89,45,5.2,24.5,1385,8.78,5.1791,"Yes",22,5.3,23,0.0206,46.86,2.02
"321","SAR-BR3-D-R3-16S","3","Detritus","n/a","Large","11/30/22","10:00",89,45,5.2,24.5,1385,8.78,5.1791,"Yes",22,5.3,23,0.0206,46.86,2.02
"322","SAR-BR3-D-R4-16S","3","Detritus","n/a","Large","11/30/22","10:00",89,45,5.2,24.5,1385,8.78,5.1791,"Yes",22,5.3,23,0.0206,46.86,2.02
"323","SAR-BR3-WPool-R2-16S","3","Water","n/a","Large","11/30/22","10:00",89,45,5.2,24.5,1385,8.78,5.1791,"Yes",22,5.3,23,0.0206,46.86,2.02
"324","SAR-BR3-D-R10-16S","3","Detritus","n/a","Large","11/30/22","10:00",89,45,5.2,24.5,1385,8.78,5.1791,"Yes",22,5.3,23,0.0206,46.86,2.02
"325","SAR-BR3-W02-R4-16S","3","Water","n/a","Large","11/30/22","10:00",89,45,5.2,24.5,1385,8.78,5.1791,"Yes",22,5.3,23,0.0206,46.86,2.02
"326","SAR-BR3-W02-R5-16S","3","Water","n/a","Large","11/30/22","10:00",89,45,5.2,24.5,1385,8.78,5.1791,"Yes",22,5.3,23,0.0206,46.86,2.02
"327","SAR-BR3-D-R5-16S","3","Detritus","n/a","Large","11/30/22","10:00",89,45,5.2,24.5,1385,8.78,5.1791,"Yes",22,5.3,23,0.0206,46.86,2.02
"328","SAR-BR3-D-R2-16S","3","Detritus","n/a","Large","11/30/22","10:00",89,45,5.2,24.5,1385,8.78,5.1791,"Yes",22,5.3,23,0.0206,46.86,2.02
"329","SAR-BR3-D-R1-16S","3","Detritus","n/a","Large","11/30/22","10:00",89,45,5.2,24.5,1385,8.78,5.1791,"Yes",22,5.3,23,0.0206,46.86,2.02
"330","SAR-BR31-D-R2-16S","31","Detritus","n/a","Small","12/16/22","9:15",31,21,0.8,20,51,9.9,0.9778,"No",6,1.3,15,0.0424,42.4,1.81
"331","SAR-BR31-W02-R1-16S","31","Water","n/a","Small","12/16/22","9:15",31,21,0.8,20,51,9.9,0.9778,"No",6,1.3,15,0.0424,42.4,1.81
"332","SAR-BR31-D-R1-16S","31","Detritus","n/a","Small","12/16/22","9:15",31,21,0.8,20,51,9.9,0.9778,"No",6,1.3,15,0.0424,42.4,1.81
"333","SAR-BR31-D-R3-16S","31","Detritus","n/a","Small","12/16/22","9:15",31,21,0.8,20,51,9.9,0.9778,"No",6,1.3,15,0.0424,42.4,1.81
"334","SAR-BR-31-I-R1-16S","31","Invertebrate","n/a","Small","12/16/22","9:15",31,21,0.8,20,51,9.9,0.9778,"No",6,1.3,15,0.0424,42.4,1.81
"335","SAR-BR31-WPool-R2-16S","31","Water","n/a","Small","12/16/22","9:15",31,21,0.8,20,51,9.9,0.9778,"No",6,1.3,15,0.0424,42.4,1.81
"336","SAR-BR31-WPool-R1-16S","31","Water","n/a","Small","12/16/22","9:15",31,21,0.8,20,51,9.9,0.9778,"No",6,1.3,15,0.0424,42.4,1.81
"337","SAR-BR32-D-R1-16S","32","Detritus","n/a","Medium","12/16/22","9:15",55,48,3.1,19.1,260,11.03,0.7678,"No",4,0.1,36,0,48.55,1.17
"338","SAR-BR32-D-R2-16S","32","Detritus","n/a","Medium","12/16/22","9:15",55,48,3.1,19.1,260,11.03,0.7678,"No",4,0.1,36,0,48.55,1.17
"339","SAR-BR-32-I-R1-16S","32","Invertebrate","n/a","Medium","12/16/22","9:15",55,48,3.1,19.1,260,11.03,0.7678,"No",4,0.1,36,0,48.55,1.17
"340","SAR-BR32-WPool-R2-16S","32","Water","n/a","Medium","12/16/22","9:15",55,48,3.1,19.1,260,11.03,0.7678,"No",4,0.1,36,0,48.55,1.17
"341","SAR-BR32-W02-R1-16S","32","Water","n/a","Medium","12/16/22","9:15",55,48,3.1,19.1,260,11.03,0.7678,"No",4,0.1,36,0,48.55,1.17
"342","SAR-BR32-WPool-R1-16S","32","Water","n/a","Medium","12/16/22","9:15",55,48,3.1,19.1,260,11.03,0.7678,"No",4,0.1,36,0,48.55,1.17
"343","SAR-BR33-D-R3-16S","33","Detritus","n/a","Large","12/16/22","9:15",66,55,1.3,19,1170,9.61,14.8563,"Yes",41,16.7,22,0,48.55,1.17
"344","SAR-BR33-D-R6-16S","33","Detritus","n/a","Large","12/16/22","9:15",66,55,1.3,19,1170,9.61,14.8563,"Yes",41,16.7,22,0,48.55,1.17
"345","SAR-BR33-D-R2-16S","33","Detritus","n/a","Large","12/16/22","9:15",66,55,1.3,19,1170,9.61,14.8563,"Yes",41,16.7,22,0,48.55,1.17
"346","SAR-BR33-D-R4-16S","33","Detritus","n/a","Large","12/16/22","9:15",66,55,1.3,19,1170,9.61,14.8563,"Yes",41,16.7,22,0,48.55,1.17
"347","SAR-BR33-D-R5-16S","33","Detritus","n/a","Large","12/16/22","9:15",66,55,1.3,19,1170,9.61,14.8563,"Yes",41,16.7,22,0,48.55,1.17
"348","SAR-BR-33-I-R1-16S","33","Invertebrate","n/a","Large","12/16/22","9:15",66,55,1.3,19,1170,9.61,14.8563,"Yes",41,16.7,22,0,48.55,1.17
"349","SAR-BR33-D-R1-16S","33","Detritus","n/a","Large","12/16/22","9:15",66,55,1.3,19,1170,9.61,14.8563,"Yes",41,16.7,22,0,48.55,1.17
"350","SAR-BR33-Wpool-R3-16S","33","Water","n/a","Large","12/16/22","9:15",66,55,1.3,19,1170,9.61,14.8563,"Yes",41,16.7,22,0,48.55,1.17
"351","SAR-BR33-W02-R1-16S","33","Water","n/a","Large","12/16/22","9:15",66,55,1.3,19,1170,9.61,14.8563,"Yes",41,16.7,22,0,48.55,1.17
"352","SAR-BR33-D-R7-16S","33","Detritus","n/a","Large","12/16/22","9:15",66,55,1.3,19,1170,9.61,14.8563,"Yes",41,16.7,22,0,48.55,1.17
"353","SAR-BR33-D-R8-16S","33","Detritus","n/a","Large","12/16/22","9:15",66,55,1.3,19,1170,9.61,14.8563,"Yes",41,16.7,22,0,48.55,1.17
"354","SAR-BR33-D-R10-16S","33","Detritus","n/a","Large","12/16/22","9:15",66,55,1.3,19,1170,9.61,14.8563,"Yes",41,16.7,22,0,48.55,1.17
"355","SAR-BR33-WPool-R2-16S","33","Water","n/a","Large","12/16/22","9:15",66,55,1.3,19,1170,9.61,14.8563,"Yes",41,16.7,22,0,48.55,1.17
"356","SAR-BR33-W02-R2-16S","33","Water","n/a","Large","12/16/22","9:15",66,55,1.3,19,1170,9.61,14.8563,"Yes",41,16.7,22,0,48.55,1.17
"357","SAR-BR33-W02-R3-16S","33","Water","n/a","Large","12/16/22","9:15",66,55,1.3,19,1170,9.61,14.8563,"Yes",41,16.7,22,0,48.55,1.17
"358","SAR-BR33-D-R9-16S","33","Detritus","n/a","Large","12/16/22","9:15",66,55,1.3,19,1170,9.61,14.8563,"Yes",41,16.7,22,0,48.55,1.17
"359","SAR-BR33-WPool-R1-16S","33","Water","n/a","Large","12/16/22","9:15",66,55,1.3,19,1170,9.61,14.8563,"Yes",41,16.7,22,0,48.55,1.17
"360","SAR-BR4-W02-R1-16S","4","Water","n/a","Small","12/5/22","9:00",34,22,3.4,24.1,90,7.91,0.2768,"No",2,0.1,10,0.0206,44.03,0.56
"361","SAR-BR4-W02-R2-16S","4","Water","n/a","Small","12/5/22","9:00",34,22,3.4,24.1,90,7.91,0.2768,"No",2,0.1,10,0.0206,44.03,0.56
"362","SAR-BR4-WPool-R1-16S","4","Water","n/a","Small","12/5/22","9:00",34,22,3.4,24.1,90,7.91,0.2768,"No",2,0.1,10,0.0206,44.03,0.56
"363","SAR-BR4-D-R1-16S","4","Detritus","n/a","Small","12/5/22","9:00",34,22,3.4,24.1,90,7.91,0.2768,"No",2,0.1,10,0.0206,44.03,0.56
"364","SAR-BR-4-I-R1-16S","4","Invertebrate","n/a","Small","12/5/22","9:00",34,22,3.4,24.1,90,7.91,0.2768,"No",2,0.1,10,0.0206,44.03,0.56
"365","SAR-BR4-WPool-R2-16S","4","Water","n/a","Small","12/5/22","9:00",34,22,3.4,24.1,90,7.91,0.2768,"No",2,0.1,10,0.0206,44.03,0.56
"366","SAR-BR5-D-R1-16S","5","Detritus","n/a","Small","12/5/22","9:00",25,16,4.7,25,178,8.46,0.3627,"No",2,0.1,12,0,29.34,1.19
"367","SAR-BR5-W02-R1-16S","5","Water","n/a","Small","12/5/22","9:00",25,16,4.7,25,178,8.46,0.3627,"No",2,0.1,12,0,29.34,1.19
"368","SAR-BR-5-I-R1-16S","5","Invertebrate","n/a","Small","12/5/22","9:00",25,16,4.7,25,178,8.46,0.3627,"No",2,0.1,12,0,29.34,1.19
"369","SAR-BR5-WPool-R1-16S","5","Water","n/a","Small","12/5/22","9:00",25,16,4.7,25,178,8.46,0.3627,"No",2,0.1,12,0,29.34,1.19
"370","SAR-BR5-WPool-R2-16S","5","Water","n/a","Small","12/5/22","9:00",25,16,4.7,25,178,8.46,0.3627,"No",2,0.1,12,0,29.34,1.19
"371","SAR-BR6-D-R6-16S","6","Detritus","n/a","Large","12/5/22","9:00",70,81,1.8,22.1,840,6.25,4.6799,"Yes",23,6.2,23,0,42.76,1.5
"372","SAR-BR6-D-R7-16S","6","Detritus","n/a","Large","12/5/22","9:00",70,81,1.8,22.1,840,6.25,4.6799,"Yes",23,6.2,23,0,42.76,1.5
"373","SAR-BR6-D-R5-16S","6","Detritus","n/a","Large","12/5/22","9:00",70,81,1.8,22.1,840,6.25,4.6799,"Yes",23,6.2,23,0,42.76,1.5
"374","SAR-BR-6-I-R1-16S","6","Invertebrate","n/a","Large","12/5/22","9:00",70,81,1.8,22.1,840,6.25,4.6799,"Yes",23,6.2,23,0,42.76,1.5
"375","SAR-BR6-D-R2-16S","6","Detritus","n/a","Large","12/5/22","9:00",70,81,1.8,22.1,840,6.25,4.6799,"Yes",23,6.2,23,0,42.76,1.5
"376","SAR-BR6-D-R3-16S","6","Detritus","n/a","Large","12/5/22","9:00",70,81,1.8,22.1,840,6.25,4.6799,"Yes",23,6.2,23,0,42.76,1.5
"377","SAR-BR6-D-R1-16S","6","Detritus","n/a","Large","12/5/22","9:00",70,81,1.8,22.1,840,6.25,4.6799,"Yes",23,6.2,23,0,42.76,1.5
"378","SAR-BR6-D-R10-16S","6","Detritus","n/a","Large","12/5/22","9:00",70,81,1.8,22.1,840,6.25,4.6799,"Yes",23,6.2,23,0,42.76,1.5
"379","SAR-BR6-D-R9-16S","6","Detritus","n/a","Large","12/5/22","9:00",70,81,1.8,22.1,840,6.25,4.6799,"Yes",23,6.2,23,0,42.76,1.5
"380","SAR-BR6-W02-R1-16S","6","Water","n/a","Large","12/5/22","9:00",70,81,1.8,22.1,840,6.25,4.6799,"Yes",23,6.2,23,0,42.76,1.5
"381","SAR-BR6-D-R4-16S","6","Detritus","n/a","Large","12/5/22","9:00",70,81,1.8,22.1,840,6.25,4.6799,"Yes",23,6.2,23,0,42.76,1.5
"382","SAR-BR6-D-R8-16S","6","Detritus","n/a","Large","12/5/22","9:00",70,81,1.8,22.1,840,6.25,4.6799,"Yes",23,6.2,23,0,42.76,1.5
"383","SAR-BR6-WPool-R1-16S","6","Water","n/a","Large","12/5/22","9:00",70,81,1.8,22.1,840,6.25,4.6799,"Yes",23,6.2,23,0,42.76,1.5
"384","SAR-BR6-WPool-R2-16S","6","Water","n/a","Large","12/5/22","9:00",70,81,1.8,22.1,840,6.25,4.6799,"Yes",23,6.2,23,0,42.76,1.5
"385","SAR-BR6-W02-R2-16S","6","Water","n/a","Large","12/5/22","9:00",70,81,1.8,22.1,840,6.25,4.6799,"Yes",23,6.2,23,0,42.76,1.5
"386","SAR-BR6-W02-R3-16S","6","Water","n/a","Large","12/5/22","9:00",70,81,1.8,22.1,840,6.25,4.6799,"Yes",23,6.2,23,0,42.76,1.5
"387","SAR-BR6-WPool-R3-16S","6","Water","n/a","Large","12/5/22","9:00",70,81,1.8,22.1,840,6.25,4.6799,"Yes",23,6.2,23,0,42.76,1.5
"388","SAR-BR-7-I-R1-16S","7","Invertebrate","n/a","Medium","12/5/22","9:00",60,46,0.6,22.8,1770,6.69,3.751,"Yes",49,4.7,47,0,50.48,1.55
"389","SAR-BR7-D-R7-16S","7","Detritus","n/a","Medium","12/5/22","9:00",60,46,0.6,22.8,1770,6.69,3.751,"Yes",49,4.7,47,0,50.48,1.55
"390","SAR-BR7-D-R2-16S","7","Detritus","n/a","Medium","12/5/22","9:00",60,46,0.6,22.8,1770,6.69,3.751,"Yes",49,4.7,47,0,50.48,1.55
"391","SAR-BR7-D-R3-16S","7","Detritus","n/a","Medium","12/5/22","9:00",60,46,0.6,22.8,1770,6.69,3.751,"Yes",49,4.7,47,0,50.48,1.55
"392","SAR-BR7-D-R4-16S","7","Detritus","n/a","Medium","12/5/22","9:00",60,46,0.6,22.8,1770,6.69,3.751,"Yes",49,4.7,47,0,50.48,1.55
"393","SAR-BR7-D-R5-16S","7","Detritus","n/a","Medium","12/5/22","9:00",60,46,0.6,22.8,1770,6.69,3.751,"Yes",49,4.7,47,0,50.48,1.55
"394","SAR-BR7-D-R1-16S","7","Detritus","n/a","Medium","12/5/22","9:00",60,46,0.6,22.8,1770,6.69,3.751,"Yes",49,4.7,47,0,50.48,1.55
"395","SAR-BR7-D-R6-16S","7","Detritus","n/a","Medium","12/5/22","9:00",60,46,0.6,22.8,1770,6.69,3.751,"Yes",49,4.7,47,0,50.48,1.55
"396","SAR-BR7-WPool-R1-16S","7","Water","n/a","Medium","12/5/22","9:00",60,46,0.6,22.8,1770,6.69,3.751,"Yes",49,4.7,47,0,50.48,1.55
"397","SAR-BR7-D-R8-16S","7","Detritus","n/a","Medium","12/5/22","9:00",60,46,0.6,22.8,1770,6.69,3.751,"Yes",49,4.7,47,0,50.48,1.55
"398","SAR-BR7-W02-R1-16S","7","Water","n/a","Medium","12/5/22","9:00",60,46,0.6,22.8,1770,6.69,3.751,"Yes",49,4.7,47,0,50.48,1.55
"399","SAR-BR7-W02-R2-16S","7","Water","n/a","Medium","12/5/22","9:00",60,46,0.6,22.8,1770,6.69,3.751,"Yes",49,4.7,47,0,50.48,1.55
"400","SAR-BR7-Wpool-R2-16S","7","Water","n/a","Medium","12/5/22","9:00",60,46,0.6,22.8,1770,6.69,3.751,"Yes",49,4.7,47,0,50.48,1.55
"401","SAR-BR8-WPool-R1-16S","8","Water","n/a","Small","12/6/22","9:15",36,32,4.1,22.5,36,8.55,0.516,"No",0,3.8,14,0,48.35,1.95
"402","SAR-BR8-WPool-R2-16S","8","Water","n/a","Small","12/6/22","9:15",36,32,4.1,22.5,36,8.55,0.516,"No",0,3.8,14,0,48.35,1.95
"403","SAR-BR8-D-R1-16S","8","Detritus","n/a","Small","12/6/22","9:15",36,32,4.1,22.5,36,8.55,0.516,"No",0,3.8,14,0,48.35,1.95
"404","SAR-BR8-D-R2-16S","8","Detritus","n/a","Small","12/6/22","9:15",36,32,4.1,22.5,36,8.55,0.516,"No",0,3.8,14,0,48.35,1.95
"405","SAR-BR8-W02-R1-16S","8","Water","n/a","Small","12/6/22","9:15",36,32,4.1,22.5,36,8.55,0.516,"No",0,3.8,14,0,48.35,1.95
"406","SAR-BR9-WPool-R1-16S","9","Water","n/a","Medium","12/6/22","9:15",70,40,0.6,22,770,8.99,2.8617,"No",44,NA,27,0,49.19,1.21
"407","SAR-BR9-D-R10-16S","9","Detritus","n/a","Medium","12/6/22","9:15",70,40,0.6,22,770,8.99,2.8617,"No",44,NA,27,0,49.19,1.21
"408","SAR-BR9-W02-R3-16S","9","Water","n/a","Medium","12/6/22","9:15",70,40,0.6,22,770,8.99,2.8617,"No",44,NA,27,0,49.19,1.21
"409","SAR-BR9-D-R3-16S","9","Detritus","n/a","Medium","12/6/22","9:15",70,40,0.6,22,770,8.99,2.8617,"No",44,NA,27,0,49.19,1.21
"410","SAR-BR9-D-R1-16S","9","Detritus","n/a","Medium","12/6/22","9:15",70,40,0.6,22,770,8.99,2.8617,"No",44,NA,27,0,49.19,1.21
"411","SAR-BR9-W02-R1-16S","9","Water","n/a","Medium","12/6/22","9:15",70,40,0.6,22,770,8.99,2.8617,"No",44,NA,27,0,49.19,1.21
"412","SAR-BR9-W02-R2-16S","9","Water","n/a","Medium","12/6/22","9:15",70,40,0.6,22,770,8.99,2.8617,"No",44,NA,27,0,49.19,1.21
"413","SAR-BR9-D-R2-16S","9","Detritus","n/a","Medium","12/6/22","9:15",70,40,0.6,22,770,8.99,2.8617,"No",44,NA,27,0,49.19,1.21
"414","SAR-BR-9-I-R1-16S","9","Invertebrate","n/a","Medium","12/6/22","9:15",70,40,0.6,22,770,8.99,2.8617,"No",44,NA,27,0,49.19,1.21
"415","SAR-BR9-WPool-R2-16S","9","Water","n/a","Medium","12/6/22","9:15",70,40,0.6,22,770,8.99,2.8617,"No",44,NA,27,0,49.19,1.21
"416","SAR-BR9-WPool-R3-16S","9","Water","n/a","Medium","12/6/22","9:15",70,40,0.6,22,770,8.99,2.8617,"No",44,NA,27,0,49.19,1.21
"417","SAR-BR9-D-R6-16S","9","Detritus","n/a","Medium","12/6/22","9:15",70,40,0.6,22,770,8.99,2.8617,"No",44,NA,27,0,49.19,1.21
"418","SAR-BR9-D-R7-16S","9","Detritus","n/a","Medium","12/6/22","9:15",70,40,0.6,22,770,8.99,2.8617,"No",44,NA,27,0,49.19,1.21
"419","SAR-BR9-D-R4-16S","9","Detritus","n/a","Medium","12/6/22","9:15",70,40,0.6,22,770,8.99,2.8617,"No",44,NA,27,0,49.19,1.21
"420","SAR-BR9-D-R5-16S","9","Detritus","n/a","Medium","12/6/22","9:15",70,40,0.6,22,770,8.99,2.8617,"No",44,NA,27,0,49.19,1.21
"421","SAR-BR9-D-R8-16S","9","Detritus","n/a","Medium","12/6/22","9:15",70,40,0.6,22,770,8.99,2.8617,"No",44,NA,27,0,49.19,1.21
